"metric","value"
"Gini",0.370204602957662
"Top_10_percent_share",0.33541509332564
"Top_1_percent_share",0.0959193544281241
